"X.1","id","X","Y","SOC","CRFVOL","OCSKGM","annualPET","aridityIndexThornthwaite","climaticMoistureIndex","continentality","embergerQ","growingDegDays0","growingDegDays5","maxTempColdest","meanTempColdest","meanTempWarmest","minTempWarmest","monthCountByTemp10","PETColdestQuarter","PETDriestQuarter","PETseasonality","PETWarmestQuarter","PETWettestQuarter","thermicityIndex","optional"
1,"C1201C061",-75.03,40.97,89.96803127,9.340822914,4.49945439911781,1008.92864990234,28.4340915679932,0.0127899935469031,25.1749992370605,104.869964599609,5010.6376953125,3409.30004882812,5.07499980926514,1.19999992847443,26.375,21.5249996185303,7,24.8960723876953,36.8041000366211,5256.75,150.766159057617,148.405975341797,238.27082824707,TRUE
2,"C1201C062",-75.03,40.97,58.38149043,3.967001424,4.06699889490482,1008.92864990234,28.4340915679932,0.0127899935469031,25.1749992370605,104.869964599609,5010.6376953125,3409.30004882812,5.07499980926514,1.19999992847443,26.375,21.5249996185303,7,24.8960723876953,36.8041000366211,5256.75,150.766159057617,148.405975341797,238.27082824707,TRUE
3,"C1201C063",-75.03,40.97,39.65057136,4.842468648,3.68010535806531,1008.92864990234,28.4340915679932,0.0127899935469031,25.1749992370605,104.869964599609,5010.6376953125,3409.30004882812,5.07499980926514,1.19999992847443,26.375,21.5249996185303,7,24.8960723876953,36.8041000366211,5256.75,150.766159057617,148.405975341797,238.27082824707,TRUE
4,"C1201C064",-75.03,40.97,67.16549272,6.965099371,4.20715961445174,1008.92864990234,28.4340915679932,0.0127899935469031,25.1749992370605,104.869964599609,5010.6376953125,3409.30004882812,5.07499980926514,1.19999992847443,26.375,21.5249996185303,7,24.8960723876953,36.8041000366211,5256.75,150.766159057617,148.405975341797,238.27082824707,TRUE
5,"C1201C065",-75.03,40.97,55.32612387,5.97310087,4.01324519969373,1008.92864990234,28.4340915679932,0.0127899935469031,25.1749992370605,104.869964599609,5010.6376953125,3409.30004882812,5.07499980926514,1.19999992847443,26.375,21.5249996185303,7,24.8960723876953,36.8041000366211,5256.75,150.766159057617,148.405975341797,238.27082824707,TRUE
6,"C1201F291",-74.71,40.97,156.9707277,3.499121605,5.05605934019406,974.594055175781,8.37225151062012,0.340041279792786,24.7999992370605,154.053848266602,4670.83740234375,3136.14990234375,4.34999990463257,0.5,25.2999992370605,20.5,7,23.8686389923096,35.2572784423828,5101.375,146.243911743164,143.556198120117,209.34375,TRUE
7,"C1201F292",-74.71,40.97,141.5151578,4.616538012,4.9524068336076,974.594055175781,8.37225151062012,0.340041279792786,24.7999992370605,154.053848266602,4670.83740234375,3136.14990234375,4.34999990463257,0.5,25.2999992370605,20.5,7,23.8686389923096,35.2572784423828,5101.375,146.243911743164,143.556198120117,209.34375,TRUE
8,"C1201F293",-74.71,40.97,267.7486473,2.990947702,5.59004865721426,974.594055175781,8.37225151062012,0.340041279792786,24.7999992370605,154.053848266602,4670.83740234375,3136.14990234375,4.34999990463257,0.5,25.2999992370605,20.5,7,23.8686389923096,35.2572784423828,5101.375,146.243911743164,143.556198120117,209.34375,TRUE
9,"C1201F294",-74.71,40.97,309.79456,3.029492207,5.73590936811265,974.594055175781,8.37225151062012,0.340041279792786,24.7999992370605,154.053848266602,4670.83740234375,3136.14990234375,4.34999990463257,0.5,25.2999992370605,20.5,7,23.8686389923096,35.2572784423828,5101.375,146.243911743164,143.556198120117,209.34375,TRUE
10,"C1201F295",-74.71,40.97,308.282654,3.542808997,5.73101706992944,974.594055175781,8.37225151062012,0.340041279792786,24.7999992370605,154.053848266602,4670.83740234375,3136.14990234375,4.34999990463257,0.5,25.2999992370605,20.5,7,23.8686389923096,35.2572784423828,5101.375,146.243911743164,143.556198120117,209.34375,TRUE
11,"C1208W041",-74.44,40.83,96.93040132,0,4.57399320880338,990.510070800781,25.7688503265381,0.111849315464497,24.7000007629395,117.186042785645,5097.3623046875,3452,5.5,1.75,26.4500007629395,21.8250007629395,7,25.2031307220459,36.8166389465332,5082.5888671875,147.20849609375,130.051193237305,244.531265258789,TRUE
12,"C1208W042",-74.44,40.83,40.44807215,0,3.70001898229456,990.510070800781,25.7688503265381,0.111849315464497,24.7000007629395,117.186042785645,5097.3623046875,3452,5.5,1.75,26.4500007629395,21.8250007629395,7,25.2031307220459,36.8166389465332,5082.5888671875,147.20849609375,130.051193237305,244.531265258789,TRUE
13,"C1208W043",-74.44,40.83,30.44209469,0,3.41582634435786,990.510070800781,25.7688503265381,0.111849315464497,24.7000007629395,117.186042785645,5097.3623046875,3452,5.5,1.75,26.4500007629395,21.8250007629395,7,25.2031307220459,36.8166389465332,5082.5888671875,147.20849609375,130.051193237305,244.531265258789,TRUE
14,"C1208W044",-74.44,40.83,105.7555716,0,4.66113050306332,990.510070800781,25.7688503265381,0.111849315464497,24.7000007629395,117.186042785645,5097.3623046875,3452,5.5,1.75,26.4500007629395,21.8250007629395,7,25.2031307220459,36.8166389465332,5082.5888671875,147.20849609375,130.051193237305,244.531265258789,TRUE
15,"C1208W045",-74.44,40.83,28.86543796,0,3.3626449610983,990.510070800781,25.7688503265381,0.111849315464497,24.7000007629395,117.186042785645,5097.3623046875,3452,5.5,1.75,26.4500007629395,21.8250007629395,7,25.2031307220459,36.8166389465332,5082.5888671875,147.20849609375,130.051193237305,244.531265258789,TRUE
16,"C1209F051",-74.38,40.84,807.5246842,0,6.69397362329833,991.507141113281,25.4698352813721,0.119443044066429,24.7125015258789,118.433006286621,5164.6748046875,3502.4375,5.67500019073486,1.92500007152557,26.6375007629395,22.0750007629395,8,25.4137744903564,36.9993133544922,5072.8408203125,147.168899536133,130.045562744141,250.062515258789,TRUE
17,"C1209F052",-74.38,40.84,200.494933,0,5.30078897460684,991.507141113281,25.4698352813721,0.119443044066429,24.7125015258789,118.433006286621,5164.6748046875,3502.4375,5.67500019073486,1.92500007152557,26.6375007629395,22.0750007629395,8,25.4137744903564,36.9993133544922,5072.8408203125,147.168899536133,130.045562744141,250.062515258789,TRUE
18,"C1209F053",-74.38,40.84,264.7211698,0,5.57867708261236,991.507141113281,25.4698352813721,0.119443044066429,24.7125015258789,118.433006286621,5164.6748046875,3502.4375,5.67500019073486,1.92500007152557,26.6375007629395,22.0750007629395,8,25.4137744903564,36.9993133544922,5072.8408203125,147.168899536133,130.045562744141,250.062515258789,TRUE
19,"C1209F054",-74.38,40.84,389.3766251,0,5.96454706314456,991.507141113281,25.4698352813721,0.119443044066429,24.7125015258789,118.433006286621,5164.6748046875,3502.4375,5.67500019073486,1.92500007152557,26.6375007629395,22.0750007629395,8,25.4137744903564,36.9993133544922,5072.8408203125,147.168899536133,130.045562744141,250.062515258789,TRUE
20,"C1209F055",-74.38,40.84,703.5399419,0,6.55612465092001,991.507141113281,25.4698352813721,0.119443044066429,24.7125015258789,118.433006286621,5164.6748046875,3502.4375,5.67500019073486,1.92500007152557,26.6375007629395,22.0750007629395,8,25.4137744903564,36.9993133544922,5072.8408203125,147.168899536133,130.045562744141,250.062515258789,TRUE
21,"C1211F011",-74.66,41.29,240.9937373,15.72388624,5.48477094684595,949.645812988281,20.3100414276123,0.215330854058266,24.9249992370605,125.974761962891,4379.3623046875,2934.4375,3.45000004768372,-0.425000071525574,24.5,19.6749992370605,7,22.5562057495117,33.5107345581055,5050.7333984375,143.651336669922,141.033508300781,184.36457824707,TRUE
22,"C1211F012",-74.66,41.29,181.2825455,22.99930074,5.20005683899488,949.645812988281,20.3100414276123,0.215330854058266,24.9249992370605,125.974761962891,4379.3623046875,2934.4375,3.45000004768372,-0.425000071525574,24.5,19.6749992370605,7,22.5562057495117,33.5107345581055,5050.7333984375,143.651336669922,141.033508300781,184.36457824707,TRUE
23,"C1211F013",-74.66,41.29,142.2553739,17.32322902,4.95762385014876,949.645812988281,20.3100414276123,0.215330854058266,24.9249992370605,125.974761962891,4379.3623046875,2934.4375,3.45000004768372,-0.425000071525574,24.5,19.6749992370605,7,22.5562057495117,33.5107345581055,5050.7333984375,143.651336669922,141.033508300781,184.36457824707,TRUE
24,"C1211F014",-74.66,41.29,119.4665547,23.29841796,4.78303645521124,949.645812988281,20.3100414276123,0.215330854058266,24.9249992370605,125.974761962891,4379.3623046875,2934.4375,3.45000004768372,-0.425000071525574,24.5,19.6749992370605,7,22.5562057495117,33.5107345581055,5050.7333984375,143.651336669922,141.033508300781,184.36457824707,TRUE
25,"C1211F015",-74.66,41.29,231.0424033,45.61985156,5.44260125774524,949.645812988281,20.3100414276123,0.215330854058266,24.9249992370605,125.974761962891,4379.3623046875,2934.4375,3.45000004768372,-0.425000071525574,24.5,19.6749992370605,7,22.5562057495117,33.5107345581055,5050.7333984375,143.651336669922,141.033508300781,184.36457824707,TRUE
26,"C1211F181",-74.47,41.15,160.6652398,1.685650148,5.07932294443019,945.938049316406,10.9904279708862,0.336533010005951,24.6875,149.808654785156,4394.52490234375,2935.125,3.625,-0.212500095367432,24.4750003814697,19.7000007629395,7,22.7988243103027,33.6916885375977,4998.25830078125,142.77490234375,140.04182434082,185.65625,TRUE
27,"C1211F182",-74.47,41.15,68.79600102,3.695402299,4.23114561854069,945.938049316406,10.9904279708862,0.336533010005951,24.6875,149.808654785156,4394.52490234375,2935.125,3.625,-0.212500095367432,24.4750003814697,19.7000007629395,7,22.7988243103027,33.6916885375977,4998.25830078125,142.77490234375,140.04182434082,185.65625,TRUE
28,"C1211F183",-74.47,41.15,227.4146002,2.653094518,5.42677478418063,945.938049316406,10.9904279708862,0.336533010005951,24.6875,149.808654785156,4394.52490234375,2935.125,3.625,-0.212500095367432,24.4750003814697,19.7000007629395,7,22.7988243103027,33.6916885375977,4998.25830078125,142.77490234375,140.04182434082,185.65625,TRUE
29,"C1211F184",-74.47,41.15,221.2699938,2.033288423,5.39938364726277,945.938049316406,10.9904279708862,0.336533010005951,24.6875,149.808654785156,4394.52490234375,2935.125,3.625,-0.212500095367432,24.4750003814697,19.7000007629395,7,22.7988243103027,33.6916885375977,4998.25830078125,142.77490234375,140.04182434082,185.65625,TRUE
30,"C1211F185",-74.47,41.15,254.0053912,1.427839739,5.53735549199014,945.938049316406,10.9904279708862,0.336533010005951,24.6875,149.808654785156,4394.52490234375,2935.125,3.625,-0.212500095367432,24.4750003814697,19.7000007629395,7,22.7988243103027,33.6916885375977,4998.25830078125,142.77490234375,140.04182434082,185.65625,TRUE
31,"C1304C041",-75.42,39.74,122.9707453,4.991722058,4.81194648399383,1032.46325683594,24.6977977752686,0.104929983615875,24.3500003814697,122.747039794922,5633.22509765625,3873.22509765625,7.09999990463257,3.39999985694885,27.75,23.2999992370605,8,28.3430080413818,69.6687774658203,5054.74853515625,149.6162109375,147.485153198242,286.979156494141,TRUE
32,"C1304C042",-75.42,39.74,89.72771313,2.05255655,4.49677967486015,1032.46325683594,24.6977977752686,0.104929983615875,24.3500003814697,122.747039794922,5633.22509765625,3873.22509765625,7.09999990463257,3.39999985694885,27.75,23.2999992370605,8,28.3430080413818,69.6687774658203,5054.74853515625,149.6162109375,147.485153198242,286.979156494141,TRUE
33,"C1304C043",-75.42,39.74,98.52539343,5.168831064,4.59031431627279,1032.46325683594,24.6977977752686,0.104929983615875,24.3500003814697,122.747039794922,5633.22509765625,3873.22509765625,7.09999990463257,3.39999985694885,27.75,23.2999992370605,8,28.3430080413818,69.6687774658203,5054.74853515625,149.6162109375,147.485153198242,286.979156494141,TRUE
34,"C1304C044",-75.42,39.74,97.20367293,2.749929995,4.57680849809815,1032.46325683594,24.6977977752686,0.104929983615875,24.3500003814697,122.747039794922,5633.22509765625,3873.22509765625,7.09999990463257,3.39999985694885,27.75,23.2999992370605,8,28.3430080413818,69.6687774658203,5054.74853515625,149.6162109375,147.485153198242,286.979156494141,TRUE
35,"C1304C045",-75.42,39.74,114.9347689,0.035781553,4.74436474047266,1032.46325683594,24.6977977752686,0.104929983615875,24.3500003814697,122.747039794922,5633.22509765625,3873.22509765625,7.09999990463257,3.39999985694885,27.75,23.2999992370605,8,28.3430080413818,69.6687774658203,5054.74853515625,149.6162109375,147.485153198242,286.979156494141,TRUE
36,"C1304C061",-74.81,39.69,51.85632479,1.528280262,3.94847690968566,927.97998046875,19.2924690246582,0.166235402226448,23.4125003814697,127.146377563477,5507.3251953125,3742.52514648438,6.90000009536743,3.60000014305115,27.0125007629395,23.3999996185303,8,26.8092956542969,63.928409576416,4404.14501953125,132.903915405273,132.903915405273,273.479156494141,TRUE
37,"C1304C062",-74.81,39.69,105.9042444,2.281768935,4.66253533112432,927.97998046875,19.2924690246582,0.166235402226448,23.4125003814697,127.146377563477,5507.3251953125,3742.52514648438,6.90000009536743,3.60000014305115,27.0125007629395,23.3999996185303,8,26.8092956542969,63.928409576416,4404.14501953125,132.903915405273,132.903915405273,273.479156494141,TRUE
38,"C1304C063",-74.81,39.69,39.22379548,7.443950845,3.66928359018074,927.97998046875,19.2924690246582,0.166235402226448,23.4125003814697,127.146377563477,5507.3251953125,3742.52514648438,6.90000009536743,3.60000014305115,27.0125007629395,23.3999996185303,8,26.8092956542969,63.928409576416,4404.14501953125,132.903915405273,132.903915405273,273.479156494141,TRUE
39,"C1304C064",-74.81,39.69,48.57566981,2.785543339,3.8831227843604,927.97998046875,19.2924690246582,0.166235402226448,23.4125003814697,127.146377563477,5507.3251953125,3742.52514648438,6.90000009536743,3.60000014305115,27.0125007629395,23.3999996185303,8,26.8092956542969,63.928409576416,4404.14501953125,132.903915405273,132.903915405273,273.479156494141,TRUE
40,"C1304C065",-74.81,39.69,51.73725386,3.097473179,3.94617809958588,927.97998046875,19.2924690246582,0.166235402226448,23.4125003814697,127.146377563477,5507.3251953125,3742.52514648438,6.90000009536743,3.60000014305115,27.0125007629395,23.3999996185303,8,26.8092956542969,63.928409576416,4404.14501953125,132.903915405273,132.903915405273,273.479156494141,TRUE
41,"C1304F011",-74.45,40.09,169.5766233,0,5.13330487954174,936.341430664062,14.6630363464355,0.198680847883224,23.6124992370605,131.39128112793,5345.9501953125,3613.63745117188,6.42500019073486,3.03750014305115,26.6499996185303,22.7999992370605,8,26.1439628601074,63.9391136169434,4553.15283203125,135.862548828125,121.033546447754,260.802062988281,TRUE
42,"C1304F012",-74.45,40.09,238.4839775,0,5.4743021277782,936.341430664062,14.6630363464355,0.198680847883224,23.6124992370605,131.39128112793,5345.9501953125,3613.63745117188,6.42500019073486,3.03750014305115,26.6499996185303,22.7999992370605,8,26.1439628601074,63.9391136169434,4553.15283203125,135.862548828125,121.033546447754,260.802062988281,TRUE
43,"C1304F013",-74.45,40.09,263.2690654,0,5.57317657156354,936.341430664062,14.6630363464355,0.198680847883224,23.6124992370605,131.39128112793,5345.9501953125,3613.63745117188,6.42500019073486,3.03750014305115,26.6499996185303,22.7999992370605,8,26.1439628601074,63.9391136169434,4553.15283203125,135.862548828125,121.033546447754,260.802062988281,TRUE
44,"C1304F014",-74.45,40.09,706.7385653,0,6.5606608171715,936.341430664062,14.6630363464355,0.198680847883224,23.6124992370605,131.39128112793,5345.9501953125,3613.63745117188,6.42500019073486,3.03750014305115,26.6499996185303,22.7999992370605,8,26.1439628601074,63.9391136169434,4553.15283203125,135.862548828125,121.033546447754,260.802062988281,TRUE
45,"C1304F015",-74.45,40.09,257.2934432,0,5.55021723586933,936.341430664062,14.6630363464355,0.198680847883224,23.6124992370605,131.39128112793,5345.9501953125,3613.63745117188,6.42500019073486,3.03750014305115,26.6499996185303,22.7999992370605,8,26.1439628601074,63.9391136169434,4553.15283203125,135.862548828125,121.033546447754,260.802062988281,TRUE
46,"C1304F071",-74.91,39.69,172.127472,0,5.14823531860146,942.858154296875,18.1298542022705,0.171659871935844,23.5374984741211,128.547225952148,5502.96240234375,3743.67504882812,6.90000009536743,3.51250004768372,27.0499992370605,23.2999992370605,8,26.9680480957031,64.5672454833984,4502.0556640625,135.377532958984,132.997451782227,273.479156494141,TRUE
47,"C1304F072",-74.91,39.69,262.0878211,0,5.56867964263396,942.858154296875,18.1298542022705,0.171659871935844,23.5374984741211,128.547225952148,5502.96240234375,3743.67504882812,6.90000009536743,3.51250004768372,27.0499992370605,23.2999992370605,8,26.9680480957031,64.5672454833984,4502.0556640625,135.377532958984,132.997451782227,273.479156494141,TRUE
48,"C1304F073",-74.91,39.69,101.225031,0.000696638,4.61734606816663,942.858154296875,18.1298542022705,0.171659871935844,23.5374984741211,128.547225952148,5502.96240234375,3743.67504882812,6.90000009536743,3.51250004768372,27.0499992370605,23.2999992370605,8,26.9680480957031,64.5672454833984,4502.0556640625,135.377532958984,132.997451782227,273.479156494141,TRUE
49,"C1304F074",-74.91,39.69,290.570088,0.026852239,5.67184481397323,942.858154296875,18.1298542022705,0.171659871935844,23.5374984741211,128.547225952148,5502.96240234375,3743.67504882812,6.90000009536743,3.51250004768372,27.0499992370605,23.2999992370605,8,26.9680480957031,64.5672454833984,4502.0556640625,135.377532958984,132.997451782227,273.479156494141,TRUE
50,"C1304F075",-74.91,39.69,127.2263455,0,4.84596774817059,942.858154296875,18.1298542022705,0.171659871935844,23.5374984741211,128.547225952148,5502.96240234375,3743.67504882812,6.90000009536743,3.51250004768372,27.0499992370605,23.2999992370605,8,26.9680480957031,64.5672454833984,4502.0556640625,135.377532958984,132.997451782227,273.479156494141,TRUE
51,"C1305C041",-74.82,40.38,117.0435491,1,4.76254608007303,1010.38427734375,21.5938701629639,0.130291134119034,24.5750007629395,122.251091003418,5267.0751953125,3575.3125,6.07499980926514,2.28749990463257,26.8624992370605,22.25,8,26.4319438934326,38.3973731994629,5101.59375,148.792114257812,146.526260375977,258.0625,TRUE
52,"C1305C042",-74.82,40.38,109.0871023,1,4.69214666678552,1010.38427734375,21.5938701629639,0.130291134119034,24.5750007629395,122.251091003418,5267.0751953125,3575.3125,6.07499980926514,2.28749990463257,26.8624992370605,22.25,8,26.4319438934326,38.3973731994629,5101.59375,148.792114257812,146.526260375977,258.0625,TRUE
53,"C1305C043",-74.82,40.38,124.0668794,1,4.8208207702081,1010.38427734375,21.5938701629639,0.130291134119034,24.5750007629395,122.251091003418,5267.0751953125,3575.3125,6.07499980926514,2.28749990463257,26.8624992370605,22.25,8,26.4319438934326,38.3973731994629,5101.59375,148.792114257812,146.526260375977,258.0625,TRUE
54,"C1305C044",-74.82,40.38,232.1631893,1,5.44744052655013,1010.38427734375,21.5938701629639,0.130291134119034,24.5750007629395,122.251091003418,5267.0751953125,3575.3125,6.07499980926514,2.28749990463257,26.8624992370605,22.25,8,26.4319438934326,38.3973731994629,5101.59375,148.792114257812,146.526260375977,258.0625,TRUE
55,"C1305C045",-74.82,40.38,112.8406972,1,4.72597706477476,1010.38427734375,21.5938701629639,0.130291134119034,24.5750007629395,122.251091003418,5267.0751953125,3575.3125,6.07499980926514,2.28749990463257,26.8624992370605,22.25,8,26.4319438934326,38.3973731994629,5101.59375,148.792114257812,146.526260375977,258.0625,TRUE
56,"C1305F191",-74.29,39.8,321.6017679,4.711008401,5.77331403449119,850.301818847656,17.7082462310791,0.196881413459778,22.6875,127.629852294922,5392.6123046875,3626.8125,6.69999980926514,3.69999980926514,26.3875007629395,23.2999992370605,8,25.5198860168457,59.3202438354492,3947.080078125,121.075119018555,108.695770263672,261.46875,TRUE
57,"C1305F192",-74.29,39.8,323.6959523,0.663997397,5.77980465637456,850.301818847656,17.7082462310791,0.196881413459778,22.6875,127.629852294922,5392.6123046875,3626.8125,6.69999980926514,3.69999980926514,26.3875007629395,23.2999992370605,8,25.5198860168457,59.3202438354492,3947.080078125,121.075119018555,108.695770263672,261.46875,TRUE
58,"C1305F193",-74.29,39.8,767.4399727,2.124623544,6.64306026493688,850.301818847656,17.7082462310791,0.196881413459778,22.6875,127.629852294922,5392.6123046875,3626.8125,6.69999980926514,3.69999980926514,26.3875007629395,23.2999992370605,8,25.5198860168457,59.3202438354492,3947.080078125,121.075119018555,108.695770263672,261.46875,TRUE
59,"C1305F194",-74.29,39.8,397.6693574,7.64324261,5.98562089971035,850.301818847656,17.7082462310791,0.196881413459778,22.6875,127.629852294922,5392.6123046875,3626.8125,6.69999980926514,3.69999980926514,26.3875007629395,23.2999992370605,8,25.5198860168457,59.3202438354492,3947.080078125,121.075119018555,108.695770263672,261.46875,TRUE
60,"C1305F195",-74.29,39.8,416.9897313,1.780618336,6.03306159631574,850.301818847656,17.7082462310791,0.196881413459778,22.6875,127.629852294922,5392.6123046875,3626.8125,6.69999980926514,3.69999980926514,26.3875007629395,23.2999992370605,8,25.5198860168457,59.3202438354492,3947.080078125,121.075119018555,108.695770263672,261.46875,TRUE
61,"C1305W061",-74.7,39.16,730.1954154,0,6.593312190648,759.317321777344,16.088903427124,0.282139152288437,21.875,136.926940917969,5548.39990234375,3736.57495117188,7.22499990463257,4.57499980926514,26.4500007629395,24.2000007629395,8,25.1143474578857,54.6971588134766,3264.865234375,104.291206359863,69.003059387207,271.0625,TRUE
62,"C1305W062",-74.7,39.16,686.3511459,0,6.53138937125262,759.317321777344,16.088903427124,0.282139152288437,21.875,136.926940917969,5548.39990234375,3736.57495117188,7.22499990463257,4.57499980926514,26.4500007629395,24.2000007629395,8,25.1143474578857,54.6971588134766,3264.865234375,104.291206359863,69.003059387207,271.0625,TRUE
63,"C1305W063",-74.7,39.16,468.6753849,0,6.14991038573432,759.317321777344,16.088903427124,0.282139152288437,21.875,136.926940917969,5548.39990234375,3736.57495117188,7.22499990463257,4.57499980926514,26.4500007629395,24.2000007629395,8,25.1143474578857,54.6971588134766,3264.865234375,104.291206359863,69.003059387207,271.0625,TRUE
64,"C1305W064",-74.7,39.16,574.4282033,0,6.35337511698127,759.317321777344,16.088903427124,0.282139152288437,21.875,136.926940917969,5548.39990234375,3736.57495117188,7.22499990463257,4.57499980926514,26.4500007629395,24.2000007629395,8,25.1143474578857,54.6971588134766,3264.865234375,104.291206359863,69.003059387207,271.0625,TRUE
65,"C1305W065",-74.7,39.16,667.709412,0,6.50385306691544,759.317321777344,16.088903427124,0.282139152288437,21.875,136.926940917969,5548.39990234375,3736.57495117188,7.22499990463257,4.57499980926514,26.4500007629395,24.2000007629395,8,25.1143474578857,54.6971588134766,3264.865234375,104.291206359863,69.003059387207,271.0625,TRUE
66,"C1305W071",-74.91,40.5,824.5458966,1,6.71483280642974,1006.01690673828,18.178596496582,0.201415419578552,24.6749992370605,131.794830322266,5080,3438.19995117188,5.52500009536743,1.70000004768372,26.375,21.6499996185303,7,25.764575958252,37.6040000915527,5138.7919921875,148.988128662109,146.608840942383,242.6875,TRUE
67,"C1305W072",-74.91,40.5,963.2425496,1.020145042,6.87030524882803,1006.01690673828,18.178596496582,0.201415419578552,24.6749992370605,131.794830322266,5080,3438.19995117188,5.52500009536743,1.70000004768372,26.375,21.6499996185303,7,25.764575958252,37.6040000915527,5138.7919921875,148.988128662109,146.608840942383,242.6875,TRUE
68,"C1305W073",-74.91,40.5,974.6681152,0.998848004,6.88209701838377,1006.01690673828,18.178596496582,0.201415419578552,24.6749992370605,131.794830322266,5080,3438.19995117188,5.52500009536743,1.70000004768372,26.375,21.6499996185303,7,25.764575958252,37.6040000915527,5138.7919921875,148.988128662109,146.608840942383,242.6875,TRUE
69,"C1305W074",-74.91,40.5,1000,1,6.90775527898214,1006.01690673828,18.178596496582,0.201415419578552,24.6749992370605,131.794830322266,5080,3438.19995117188,5.52500009536743,1.70000004768372,26.375,21.6499996185303,7,25.764575958252,37.6040000915527,5138.7919921875,148.988128662109,146.608840942383,242.6875,TRUE
70,"C1305W075",-74.91,40.5,781.0812933,1.014125116,6.66067923315522,1006.01690673828,18.178596496582,0.201415419578552,24.6749992370605,131.794830322266,5080,3438.19995117188,5.52500009536743,1.70000004768372,26.375,21.6499996185303,7,25.764575958252,37.6040000915527,5138.7919921875,148.988128662109,146.608840942383,242.6875,TRUE
71,"C1306F011",-75.2,39.36,749.898917,0,6.61993842011374,931.222595214844,15.9175415039062,0.198258638381958,23.3125,133.35888671875,5598.14990234375,3816.35009765625,7.19999980926514,3.89999985694885,27.2124996185303,23.6749992370605,8,27.3575954437256,64.4114990234375,4358.65576171875,132.326065063477,129.919647216797,280.46875,TRUE
72,"C1306F012",-75.2,39.36,871.1346717,0,6.76979658223687,931.222595214844,15.9175415039062,0.198258638381958,23.3125,133.35888671875,5598.14990234375,3816.35009765625,7.19999980926514,3.89999985694885,27.2124996185303,23.6749992370605,8,27.3575954437256,64.4114990234375,4358.65576171875,132.326065063477,129.919647216797,280.46875,TRUE
73,"C1306F013",-75.2,39.36,696.3917539,0,6.5459123667843,931.222595214844,15.9175415039062,0.198258638381958,23.3125,133.35888671875,5598.14990234375,3816.35009765625,7.19999980926514,3.89999985694885,27.2124996185303,23.6749992370605,8,27.3575954437256,64.4114990234375,4358.65576171875,132.326065063477,129.919647216797,280.46875,TRUE
74,"C1306F014",-75.2,39.36,396.2619488,0,5.98207547943716,931.222595214844,15.9175415039062,0.198258638381958,23.3125,133.35888671875,5598.14990234375,3816.35009765625,7.19999980926514,3.89999985694885,27.2124996185303,23.6749992370605,8,27.3575954437256,64.4114990234375,4358.65576171875,132.326065063477,129.919647216797,280.46875,TRUE
75,"C1306F015",-75.2,39.36,270.4841072,0.005662168,5.60021334314089,931.222595214844,15.9175415039062,0.198258638381958,23.3125,133.35888671875,5598.14990234375,3816.35009765625,7.19999980926514,3.89999985694885,27.2124996185303,23.6749992370605,8,27.3575954437256,64.4114990234375,4358.65576171875,132.326065063477,129.919647216797,280.46875,TRUE
76,"C1306F021",-74.54,39.68,1000,0.034793398,6.90775527898214,877.617858886719,15.782151222229,0.212898805737495,22.9125003814697,132.119079589844,5474.1376953125,3702.08740234375,6.90000009536743,3.79999995231628,26.7125015258789,23.4750003814697,8,26.0844097137451,61.0265007019043,4093.1748046875,124.935615539551,124.935615539551,269.072937011719,TRUE
77,"C1306F022",-74.54,39.68,1000,0,6.90775527898214,877.617858886719,15.782151222229,0.212898805737495,22.9125003814697,132.119079589844,5474.1376953125,3702.08740234375,6.90000009536743,3.79999995231628,26.7125015258789,23.4750003814697,8,26.0844097137451,61.0265007019043,4093.1748046875,124.935615539551,124.935615539551,269.072937011719,TRUE
78,"C1306F023",-74.54,39.68,1000,0.061905015,6.90775527898214,877.617858886719,15.782151222229,0.212898805737495,22.9125003814697,132.119079589844,5474.1376953125,3702.08740234375,6.90000009536743,3.79999995231628,26.7125015258789,23.4750003814697,8,26.0844097137451,61.0265007019043,4093.1748046875,124.935615539551,124.935615539551,269.072937011719,TRUE
79,"C1306F024",-74.54,39.68,849.9497713,0,6.74517725515009,877.617858886719,15.782151222229,0.212898805737495,22.9125003814697,132.119079589844,5474.1376953125,3702.08740234375,6.90000009536743,3.79999995231628,26.7125015258789,23.4750003814697,8,26.0844097137451,61.0265007019043,4093.1748046875,124.935615539551,124.935615539551,269.072937011719,TRUE
80,"C1306F025",-74.54,39.68,967.9436976,0.072434849,6.87517392194864,877.617858886719,15.782151222229,0.212898805737495,22.9125003814697,132.119079589844,5474.1376953125,3702.08740234375,6.90000009536743,3.79999995231628,26.7125015258789,23.4750003814697,8,26.0844097137451,61.0265007019043,4093.1748046875,124.935615539551,124.935615539551,269.072937011719,TRUE
81,"C1306F031",-74.28,39.97,944.1943818,0,6.85033205787207,885.380126953125,18.875602722168,0.184545114636421,23.0875015258789,127.005584716797,5397.08740234375,3642.07495117188,6.67500019073486,3.48750019073486,26.5750007629395,23.2000007629395,8,25.7712574005127,61.19970703125,4195.701171875,127.218536376953,113.766525268555,263.333343505859,TRUE
82,"C1306F032",-74.28,39.97,1000,0,6.90775527898214,885.380126953125,18.875602722168,0.184545114636421,23.0875015258789,127.005584716797,5397.08740234375,3642.07495117188,6.67500019073486,3.48750019073486,26.5750007629395,23.2000007629395,8,25.7712574005127,61.19970703125,4195.701171875,127.218536376953,113.766525268555,263.333343505859,TRUE
83,"C1306F033",-74.28,39.97,1000,0,6.90775527898214,885.380126953125,18.875602722168,0.184545114636421,23.0875015258789,127.005584716797,5397.08740234375,3642.07495117188,6.67500019073486,3.48750019073486,26.5750007629395,23.2000007629395,8,25.7712574005127,61.19970703125,4195.701171875,127.218536376953,113.766525268555,263.333343505859,TRUE
84,"C1306F034",-74.28,39.97,1000,0,6.90775527898214,885.380126953125,18.875602722168,0.184545114636421,23.0875015258789,127.005584716797,5397.08740234375,3642.07495117188,6.67500019073486,3.48750019073486,26.5750007629395,23.2000007629395,8,25.7712574005127,61.19970703125,4195.701171875,127.218536376953,113.766525268555,263.333343505859,TRUE
85,"C1306F035",-74.28,39.97,1000,0,6.90775527898214,885.380126953125,18.875602722168,0.184545114636421,23.0875015258789,127.005584716797,5397.08740234375,3642.07495117188,6.67500019073486,3.48750019073486,26.5750007629395,23.2000007629395,8,25.7712574005127,61.19970703125,4195.701171875,127.218536376953,113.766525268555,263.333343505859,TRUE
86,"C1306F051",-74.87,39.76,1000,0.022175954,6.90775527898214,952.764953613281,19.7347393035889,0.154413163661957,23.6499996185303,126.327392578125,5482.78759765625,3728.73754882812,6.80000019073486,3.40000009536743,27.0499992370605,23.2000007629395,8,26.978422164917,65.2074966430664,4579.955078125,137.199752807617,134.640121459961,272.364593505859,TRUE
87,"C1306F052",-74.87,39.76,819.6220309,0.03074,6.70884329606693,952.764953613281,19.7347393035889,0.154413163661957,23.6499996185303,126.327392578125,5482.78759765625,3728.73754882812,6.80000019073486,3.40000009536743,27.0499992370605,23.2000007629395,8,26.978422164917,65.2074966430664,4579.955078125,137.199752807617,134.640121459961,272.364593505859,TRUE
88,"C1306F053",-74.87,39.76,684.9990618,0,6.52941746862625,952.764953613281,19.7347393035889,0.154413163661957,23.6499996185303,126.327392578125,5482.78759765625,3728.73754882812,6.80000019073486,3.40000009536743,27.0499992370605,23.2000007629395,8,26.978422164917,65.2074966430664,4579.955078125,137.199752807617,134.640121459961,272.364593505859,TRUE
89,"C1306F054",-74.87,39.76,627.0536539,0.551975964,6.4410321093801,952.764953613281,19.7347393035889,0.154413163661957,23.6499996185303,126.327392578125,5482.78759765625,3728.73754882812,6.80000019073486,3.40000009536743,27.0499992370605,23.2000007629395,8,26.978422164917,65.2074966430664,4579.955078125,137.199752807617,134.640121459961,272.364593505859,TRUE
90,"C1306F055",-74.87,39.76,798.6676265,0,6.68294487236117,952.764953613281,19.7347393035889,0.154413163661957,23.6499996185303,126.327392578125,5482.78759765625,3728.73754882812,6.80000019073486,3.40000009536743,27.0499992370605,23.2000007629395,8,26.978422164917,65.2074966430664,4579.955078125,137.199752807617,134.640121459961,272.364593505859,TRUE
91,"C1306W101",-74.76,39.68,920.3149197,0.007359771,6.82471591549217,920.865112304688,18.0340404510498,0.181453257799149,23.3249988555908,129.257583618164,5505.8251953125,3739.47509765625,6.90000009536743,3.65000009536743,26.9749984741211,23.3999996185303,8,26.7323799133301,63.3966674804688,4362.2958984375,131.881973266602,131.881973266602,273.125,TRUE
92,"C1306W102",-74.76,39.68,784.1086783,0.021200266,6.66454763102412,920.865112304688,18.0340404510498,0.181453257799149,23.3249988555908,129.257583618164,5505.8251953125,3739.47509765625,6.90000009536743,3.65000009536743,26.9749984741211,23.3999996185303,8,26.7323799133301,63.3966674804688,4362.2958984375,131.881973266602,131.881973266602,273.125,TRUE
93,"C1306W103",-74.76,39.68,1000,0.024988018,6.90775527898214,920.865112304688,18.0340404510498,0.181453257799149,23.3249988555908,129.257583618164,5505.8251953125,3739.47509765625,6.90000009536743,3.65000009536743,26.9749984741211,23.3999996185303,8,26.7323799133301,63.3966674804688,4362.2958984375,131.881973266602,131.881973266602,273.125,TRUE
94,"C1306W104",-74.76,39.68,1000,0,6.90775527898214,920.865112304688,18.0340404510498,0.181453257799149,23.3249988555908,129.257583618164,5505.8251953125,3739.47509765625,6.90000009536743,3.65000009536743,26.9749984741211,23.3999996185303,8,26.7323799133301,63.3966674804688,4362.2958984375,131.881973266602,131.881973266602,273.125,TRUE
95,"C1306W105",-74.76,39.68,1000,0,6.90775527898214,920.865112304688,18.0340404510498,0.181453257799149,23.3249988555908,129.257583618164,5505.8251953125,3739.47509765625,6.90000009536743,3.65000009536743,26.9749984741211,23.3999996185303,8,26.7323799133301,63.3966674804688,4362.2958984375,131.881973266602,131.881973266602,273.125,TRUE
96,"C1307C051",-75.3,39.4,44.55245047,0,3.79666715734237,964.219665527344,18.9722633361816,0.121639996767044,23.5874996185303,123.399566650391,5653.33740234375,3870.5625,7.27500009536743,3.875,27.4624996185303,23.6749992370605,8,27.8674640655518,66.1990432739258,4561.3681640625,137.579483032227,135.211349487305,285.604156494141,TRUE
97,"C1307C052",-75.3,39.4,47.36911517,0,3.8579704376394,964.219665527344,18.9722633361816,0.121639996767044,23.5874996185303,123.399566650391,5653.33740234375,3870.5625,7.27500009536743,3.875,27.4624996185303,23.6749992370605,8,27.8674640655518,66.1990432739258,4561.3681640625,137.579483032227,135.211349487305,285.604156494141,TRUE
98,"C1307C053",-75.3,39.4,30.46504036,0.730396327,3.41657980849853,964.219665527344,18.9722633361816,0.121639996767044,23.5874996185303,123.399566650391,5653.33740234375,3870.5625,7.27500009536743,3.875,27.4624996185303,23.6749992370605,8,27.8674640655518,66.1990432739258,4561.3681640625,137.579483032227,135.211349487305,285.604156494141,TRUE
99,"C1307C054",-75.3,39.4,50.42395434,0.013520561,3.92046634668922,964.219665527344,18.9722633361816,0.121639996767044,23.5874996185303,123.399566650391,5653.33740234375,3870.5625,7.27500009536743,3.875,27.4624996185303,23.6749992370605,8,27.8674640655518,66.1990432739258,4561.3681640625,137.579483032227,135.211349487305,285.604156494141,TRUE
100,"C1307C055",-75.3,39.4,38.21665933,0.940226711,3.64327152866021,964.219665527344,18.9722633361816,0.121639996767044,23.5874996185303,123.399566650391,5653.33740234375,3870.5625,7.27500009536743,3.875,27.4624996185303,23.6749992370605,8,27.8674640655518,66.1990432739258,4561.3681640625,137.579483032227,135.211349487305,285.604156494141,TRUE
101,"C1307F131",-74.75,40.34,304.0676106,0,5.71725007996775,1005.375,19.9959716796875,0.13161301612854,24.4875011444092,122.785499572754,5331.6376953125,3625.4375,6.19999980926514,2.5,26.9874992370605,22.4750003814697,8,26.5136547088623,38.4372024536133,5051.8515625,147.820510864258,145.353042602539,262.770843505859,TRUE
102,"C1307F132",-74.75,40.34,358.5434408,0,5.88204982647836,1005.375,19.9959716796875,0.13161301612854,24.4875011444092,122.785499572754,5331.6376953125,3625.4375,6.19999980926514,2.5,26.9874992370605,22.4750003814697,8,26.5136547088623,38.4372024536133,5051.8515625,147.820510864258,145.353042602539,262.770843505859,TRUE
103,"C1307F133",-74.75,40.34,133.3848621,0,4.89323864953122,1005.375,19.9959716796875,0.13161301612854,24.4875011444092,122.785499572754,5331.6376953125,3625.4375,6.19999980926514,2.5,26.9874992370605,22.4750003814697,8,26.5136547088623,38.4372024536133,5051.8515625,147.820510864258,145.353042602539,262.770843505859,TRUE
104,"C1307F134",-74.75,40.34,270.6663074,0,5.60088672415279,1005.375,19.9959716796875,0.13161301612854,24.4875011444092,122.785499572754,5331.6376953125,3625.4375,6.19999980926514,2.5,26.9874992370605,22.4750003814697,8,26.5136547088623,38.4372024536133,5051.8515625,147.820510864258,145.353042602539,262.770843505859,TRUE
105,"C1307F135",-74.75,40.34,136.0694034,0,4.91316507468518,1005.375,19.9959716796875,0.13161301612854,24.4875011444092,122.785499572754,5331.6376953125,3625.4375,6.19999980926514,2.5,26.9874992370605,22.4750003814697,8,26.5136547088623,38.4372024536133,5051.8515625,147.820510864258,145.353042602539,262.770843505859,TRUE
106,"C1307P181",-74.95,40.56,1000,2.16792704,6.90775527898214,1003.48138427734,12.6256465911865,0.302047371864319,24.7250003814697,149.964141845703,4998.72509765625,3379.42504882812,5.30000019073486,1.45000004768372,26.1749992370605,21.3999996185303,7,25.4724178314209,37.2866477966309,5153.48046875,149.071197509766,146.627853393555,236.208343505859,TRUE
107,"C1307P182",-74.95,40.56,1000,2.290592912,6.90775527898214,1003.48138427734,12.6256465911865,0.302047371864319,24.7250003814697,149.964141845703,4998.72509765625,3379.42504882812,5.30000019073486,1.45000004768372,26.1749992370605,21.3999996185303,7,25.4724178314209,37.2866477966309,5153.48046875,149.071197509766,146.627853393555,236.208343505859,TRUE
108,"C1307P183",-74.95,40.56,1000,2.149999903,6.90775527898214,1003.48138427734,12.6256465911865,0.302047371864319,24.7250003814697,149.964141845703,4998.72509765625,3379.42504882812,5.30000019073486,1.45000004768372,26.1749992370605,21.3999996185303,7,25.4724178314209,37.2866477966309,5153.48046875,149.071197509766,146.627853393555,236.208343505859,TRUE
109,"C1307P184",-74.95,40.56,1000,2.241311667,6.90775527898214,1003.48138427734,12.6256465911865,0.302047371864319,24.7250003814697,149.964141845703,4998.72509765625,3379.42504882812,5.30000019073486,1.45000004768372,26.1749992370605,21.3999996185303,7,25.4724178314209,37.2866477966309,5153.48046875,149.071197509766,146.627853393555,236.208343505859,TRUE
110,"C1307P185",-74.95,40.56,1000,2.564365821,6.90775527898214,1003.48138427734,12.6256465911865,0.302047371864319,24.7250003814697,149.964141845703,4998.72509765625,3379.42504882812,5.30000019073486,1.45000004768372,26.1749992370605,21.3999996185303,7,25.4724178314209,37.2866477966309,5153.48046875,149.071197509766,146.627853393555,236.208343505859,TRUE
111,"C1309W051",-74.63,40.56,963.6688261,0,6.87074769419664,1011.61273193359,21.5356998443604,0.128295794129372,24.7000007629395,121.763198852539,5335.66259765625,3635.01245117188,6.15000009536743,2.40000009536743,27.1000003814697,22.5,8,26.3156814575195,38.2238845825195,5130.4677734375,149.396469116211,146.957046508789,264.0625,TRUE
112,"C1309W052",-74.63,40.56,1000,0,6.90775527898214,1011.61273193359,21.5356998443604,0.128295794129372,24.7000007629395,121.763198852539,5335.66259765625,3635.01245117188,6.15000009536743,2.40000009536743,27.1000003814697,22.5,8,26.3156814575195,38.2238845825195,5130.4677734375,149.396469116211,146.957046508789,264.0625,TRUE
113,"C1309W053",-74.63,40.56,1000,0,6.90775527898214,1011.61273193359,21.5356998443604,0.128295794129372,24.7000007629395,121.763198852539,5335.66259765625,3635.01245117188,6.15000009536743,2.40000009536743,27.1000003814697,22.5,8,26.3156814575195,38.2238845825195,5130.4677734375,149.396469116211,146.957046508789,264.0625,TRUE
114,"C1309W054",-74.63,40.56,326.8236722,0,5.78942079671497,1011.61273193359,21.5356998443604,0.128295794129372,24.7000007629395,121.763198852539,5335.66259765625,3635.01245117188,6.15000009536743,2.40000009536743,27.1000003814697,22.5,8,26.3156814575195,38.2238845825195,5130.4677734375,149.396469116211,146.957046508789,264.0625,TRUE
115,"C1309W055",-74.63,40.56,243.0795533,0,5.49338876959885,1011.61273193359,21.5356998443604,0.128295794129372,24.7000007629395,121.763198852539,5335.66259765625,3635.01245117188,6.15000009536743,2.40000009536743,27.1000003814697,22.5,8,26.3156814575195,38.2238845825195,5130.4677734375,149.396469116211,146.957046508789,264.0625,TRUE
116,"C1310F051",-74.6,40.69,1000,2.760830011,6.90775527898214,997.16943359375,11.9205284118652,0.262721300125122,24.6499996185303,142.001831054688,5112.1376953125,3461.53735351562,5.59999990463257,1.79999995231628,26.4500007629395,21.7999992370605,7,25.5584392547607,37.2682571411133,5101.61328125,147.969940185547,145.39973449707,245.1875,TRUE
117,"C1310F052",-74.6,40.69,1000,2.807349201,6.90775527898214,997.16943359375,11.9205284118652,0.262721300125122,24.6499996185303,142.001831054688,5112.1376953125,3461.53735351562,5.59999990463257,1.79999995231628,26.4500007629395,21.7999992370605,7,25.5584392547607,37.2682571411133,5101.61328125,147.969940185547,145.39973449707,245.1875,TRUE
118,"C1310F053",-74.6,40.69,702.4491495,2.722025372,6.5545730135346,997.16943359375,11.9205284118652,0.262721300125122,24.6499996185303,142.001831054688,5112.1376953125,3461.53735351562,5.59999990463257,1.79999995231628,26.4500007629395,21.7999992370605,7,25.5584392547607,37.2682571411133,5101.61328125,147.969940185547,145.39973449707,245.1875,TRUE
119,"C1310F054",-74.6,40.69,170.4488694,2.810780996,5.1384353655317,997.16943359375,11.9205284118652,0.262721300125122,24.6499996185303,142.001831054688,5112.1376953125,3461.53735351562,5.59999990463257,1.79999995231628,26.4500007629395,21.7999992370605,7,25.5584392547607,37.2682571411133,5101.61328125,147.969940185547,145.39973449707,245.1875,TRUE
120,"C1310F055",-74.6,40.69,136.6477276,2.77109631,4.91740628289077,997.16943359375,11.9205284118652,0.262721300125122,24.6499996185303,142.001831054688,5112.1376953125,3461.53735351562,5.59999990463257,1.79999995231628,26.4500007629395,21.7999992370605,7,25.5584392547607,37.2682571411133,5101.61328125,147.969940185547,145.39973449707,245.1875,TRUE
121,"C1310F101",-74.47,39.47,293.9807919,0.624080894,5.68351443153087,801.988586425781,20.3865146636963,0.252399384975433,22.1875,134.770294189453,5472.9873046875,3681.1875,7,4.19999980926514,26.3875007629395,23.7749996185303,8,25.3313236236572,56.9565467834473,3582.82421875,112.106178283691,72.9354705810547,266.177093505859,TRUE
122,"C1310F102",-74.47,39.47,289.7449371,0.241195195,5.66900100872811,801.988586425781,20.3865146636963,0.252399384975433,22.1875,134.770294189453,5472.9873046875,3681.1875,7,4.19999980926514,26.3875007629395,23.7749996185303,8,25.3313236236572,56.9565467834473,3582.82421875,112.106178283691,72.9354705810547,266.177093505859,TRUE
123,"C1310F103",-74.47,39.47,448.7038173,0.801647437,6.10636302041176,801.988586425781,20.3865146636963,0.252399384975433,22.1875,134.770294189453,5472.9873046875,3681.1875,7,4.19999980926514,26.3875007629395,23.7749996185303,8,25.3313236236572,56.9565467834473,3582.82421875,112.106178283691,72.9354705810547,266.177093505859,TRUE
124,"C1310F104",-74.47,39.47,326.6745719,0,5.78896448239758,801.988586425781,20.3865146636963,0.252399384975433,22.1875,134.770294189453,5472.9873046875,3681.1875,7,4.19999980926514,26.3875007629395,23.7749996185303,8,25.3313236236572,56.9565467834473,3582.82421875,112.106178283691,72.9354705810547,266.177093505859,TRUE
125,"C1310F105",-74.47,39.47,370.3068587,0,5.91433200975722,801.988586425781,20.3865146636963,0.252399384975433,22.1875,134.770294189453,5472.9873046875,3681.1875,7,4.19999980926514,26.3875007629395,23.7749996185303,8,25.3313236236572,56.9565467834473,3582.82421875,112.106178283691,72.9354705810547,266.177093505859,TRUE
126,"C1312W041",-74.73,39.3,318.189271,0,5.76264639754767,806.118347167969,14.9988384246826,0.228779405355453,22.25,130.76203918457,5549.02490234375,3747.63745117188,7.19999980926514,4.36249971389771,26.6124992370605,24,8,25.5844058990479,57.2817306518555,3584.26391601562,112.391914367676,73.4480590820312,272.447906494141,TRUE
127,"C1312W042",-74.73,39.3,307.0955279,0,5.72715886498321,806.118347167969,14.9988384246826,0.228779405355453,22.25,130.76203918457,5549.02490234375,3747.63745117188,7.19999980926514,4.36249971389771,26.6124992370605,24,8,25.5844058990479,57.2817306518555,3584.26391601562,112.391914367676,73.4480590820312,272.447906494141,TRUE
128,"C1312W043",-74.73,39.3,173.7399205,0,5.15755947125138,806.118347167969,14.9988384246826,0.228779405355453,22.25,130.76203918457,5549.02490234375,3747.63745117188,7.19999980926514,4.36249971389771,26.6124992370605,24,8,25.5844058990479,57.2817306518555,3584.26391601562,112.391914367676,73.4480590820312,272.447906494141,TRUE
129,"C1312W044",-74.73,39.3,358.5376006,0,5.88203353766395,806.118347167969,14.9988384246826,0.228779405355453,22.25,130.76203918457,5549.02490234375,3747.63745117188,7.19999980926514,4.36249971389771,26.6124992370605,24,8,25.5844058990479,57.2817306518555,3584.26391601562,112.391914367676,73.4480590820312,272.447906494141,TRUE
130,"C1312W045",-74.73,39.3,225.5592525,0,5.41858288495938,806.118347167969,14.9988384246826,0.228779405355453,22.25,130.76203918457,5549.02490234375,3747.63745117188,7.19999980926514,4.36249971389771,26.6124992370605,24,8,25.5844058990479,57.2817306518555,3584.26391601562,112.391914367676,73.4480590820312,272.447906494141,TRUE
131,"C1312W051",-74.73,39.29,687.8671218,0,6.5335956823614,800.963684082031,13.5157461166382,0.244552031159401,22.2374992370605,133.130676269531,5537.9248046875,3737.66235351562,7.125,4.33750009536743,26.5750007629395,24,8,25.4807910919189,56.890453338623,3552.5966796875,111.493408203125,73.1232528686523,271.458343505859,TRUE
132,"C1312W052",-74.73,39.29,665.7766426,0,6.50095424281933,800.963684082031,13.5157461166382,0.244552031159401,22.2374992370605,133.130676269531,5537.9248046875,3737.66235351562,7.125,4.33750009536743,26.5750007629395,24,8,25.4807910919189,56.890453338623,3552.5966796875,111.493408203125,73.1232528686523,271.458343505859,TRUE
133,"C1312W053",-74.73,39.29,655.3740471,0,6.48520613691491,800.963684082031,13.5157461166382,0.244552031159401,22.2374992370605,133.130676269531,5537.9248046875,3737.66235351562,7.125,4.33750009536743,26.5750007629395,24,8,25.4807910919189,56.890453338623,3552.5966796875,111.493408203125,73.1232528686523,271.458343505859,TRUE
134,"C1312W054",-74.73,39.29,686.2132546,0,6.53118844618067,800.963684082031,13.5157461166382,0.244552031159401,22.2374992370605,133.130676269531,5537.9248046875,3737.66235351562,7.125,4.33750009536743,26.5750007629395,24,8,25.4807910919189,56.890453338623,3552.5966796875,111.493408203125,73.1232528686523,271.458343505859,TRUE
135,"C1312W055",-74.73,39.29,577.7764109,0,6.3591869614805,800.963684082031,13.5157461166382,0.244552031159401,22.2374992370605,133.130676269531,5537.9248046875,3737.66235351562,7.125,4.33750009536743,26.5750007629395,24,8,25.4807910919189,56.890453338623,3552.5966796875,111.493408203125,73.1232528686523,271.458343505859,TRUE
136,"C1313F011",-74.62,39.78,811.4131879,1.877615261,6.69877740390622,915.307189941406,15.203987121582,0.207697734236717,23.3125,132.895126342773,5463.58740234375,3703.13745117188,6.80000019073486,3.55000019073486,26.8624992370605,23.2999992370605,8,26.5164318084717,63.0212440490723,4348.1044921875,131.270935058594,131.270935058594,269.78125,TRUE
137,"C1313F012",-74.62,39.78,1000,0.000141608,6.90775527898214,915.307189941406,15.203987121582,0.207697734236717,23.3125,132.895126342773,5463.58740234375,3703.13745117188,6.80000019073486,3.55000019073486,26.8624992370605,23.2999992370605,8,26.5164318084717,63.0212440490723,4348.1044921875,131.270935058594,131.270935058594,269.78125,TRUE
138,"C1313F013",-74.62,39.78,1000,0.009026269,6.90775527898214,915.307189941406,15.203987121582,0.207697734236717,23.3125,132.895126342773,5463.58740234375,3703.13745117188,6.80000019073486,3.55000019073486,26.8624992370605,23.2999992370605,8,26.5164318084717,63.0212440490723,4348.1044921875,131.270935058594,131.270935058594,269.78125,TRUE
139,"C1313F014",-74.62,39.78,1000,0.012605044,6.90775527898214,915.307189941406,15.203987121582,0.207697734236717,23.3125,132.895126342773,5463.58740234375,3703.13745117188,6.80000019073486,3.55000019073486,26.8624992370605,23.2999992370605,8,26.5164318084717,63.0212440490723,4348.1044921875,131.270935058594,131.270935058594,269.78125,TRUE
140,"C1313F015",-74.62,39.78,798.9790669,0.013586957,6.68333474629917,915.307189941406,15.203987121582,0.207697734236717,23.3125,132.895126342773,5463.58740234375,3703.13745117188,6.80000019073486,3.55000019073486,26.8624992370605,23.2999992370605,8,26.5164318084717,63.0212440490723,4348.1044921875,131.270935058594,131.270935058594,269.78125,TRUE
141,"C1313F051",-74.76,39.36,264.0590698,0.000145246,5.57617282736061,831.154968261719,12.1126480102539,0.235367998480797,22.4624996185303,133.709838867188,5513.7998046875,3723.89990234375,7.05000019073486,4.15000009536743,26.6124992370605,23.7999992370605,8,25.8178882598877,58.661205291748,3751.91162109375,116.547065734863,116.547065734863,270.416656494141,TRUE
142,"C1313F052",-74.76,39.36,213.1103956,0.009761227,5.36181032064585,831.154968261719,12.1126480102539,0.235367998480797,22.4624996185303,133.709838867188,5513.7998046875,3723.89990234375,7.05000019073486,4.15000009536743,26.6124992370605,23.7999992370605,8,25.8178882598877,58.661205291748,3751.91162109375,116.547065734863,116.547065734863,270.416656494141,TRUE
143,"C1313F053",-74.76,39.36,234.9219441,0.000722562,5.45925330620325,831.154968261719,12.1126480102539,0.235367998480797,22.4624996185303,133.709838867188,5513.7998046875,3723.89990234375,7.05000019073486,4.15000009536743,26.6124992370605,23.7999992370605,8,25.8178882598877,58.661205291748,3751.91162109375,116.547065734863,116.547065734863,270.416656494141,TRUE
144,"C1313F054",-74.76,39.36,442.0408073,0.00027939,6.09140220202423,831.154968261719,12.1126480102539,0.235367998480797,22.4624996185303,133.709838867188,5513.7998046875,3723.89990234375,7.05000019073486,4.15000009536743,26.6124992370605,23.7999992370605,8,25.8178882598877,58.661205291748,3751.91162109375,116.547065734863,116.547065734863,270.416656494141,TRUE
145,"C1313F055",-74.76,39.36,836.6175308,0.000361883,6.72936701360567,831.154968261719,12.1126480102539,0.235367998480797,22.4624996185303,133.709838867188,5513.7998046875,3723.89990234375,7.05000019073486,4.15000009536743,26.6124992370605,23.7999992370605,8,25.8178882598877,58.661205291748,3751.91162109375,116.547065734863,116.547065734863,270.416656494141,TRUE
146,"C1313F071",-74.35,40.14,718.5741926,0.817050237,6.57726896059171,924.52294921875,17.4068298339844,0.176371544599533,23.5750007629395,126.846549987793,5334.2001953125,3601.85009765625,6.40000009536743,3.04999995231628,26.625,22.8500003814697,8,25.8838176727295,25.8838176727295,4487.58544921875,134.037261962891,119.548622131348,260.166656494141,TRUE
147,"C1313F072",-74.35,40.14,602.3357013,0.686364751,6.40081493323903,924.52294921875,17.4068298339844,0.176371544599533,23.5750007629395,126.846549987793,5334.2001953125,3601.85009765625,6.40000009536743,3.04999995231628,26.625,22.8500003814697,8,25.8838176727295,25.8838176727295,4487.58544921875,134.037261962891,119.548622131348,260.166656494141,TRUE
148,"C1313F073",-74.35,40.14,1000,2.625543935,6.90775527898214,924.52294921875,17.4068298339844,0.176371544599533,23.5750007629395,126.846549987793,5334.2001953125,3601.85009765625,6.40000009536743,3.04999995231628,26.625,22.8500003814697,8,25.8838176727295,25.8838176727295,4487.58544921875,134.037261962891,119.548622131348,260.166656494141,TRUE
149,"C1313F074",-74.35,40.14,1000,2.38e-05,6.90775527898214,924.52294921875,17.4068298339844,0.176371544599533,23.5750007629395,126.846549987793,5334.2001953125,3601.85009765625,6.40000009536743,3.04999995231628,26.625,22.8500003814697,8,25.8838176727295,25.8838176727295,4487.58544921875,134.037261962891,119.548622131348,260.166656494141,TRUE
150,"C1313F075",-74.35,40.14,826.9156169,1.825218086,6.71770265463032,924.52294921875,17.4068298339844,0.176371544599533,23.5750007629395,126.846549987793,5334.2001953125,3601.85009765625,6.40000009536743,3.04999995231628,26.625,22.8500003814697,8,25.8838176727295,25.8838176727295,4487.58544921875,134.037261962891,119.548622131348,260.166656494141,TRUE
151,"C1313W021",-74.31,40.18,310.8281511,1.065397705,5.73924019064654,924.065979003906,15.6477708816528,0.198033407330513,23.5749988555908,130.019241333008,5314.4375,3584.64990234375,6.40000009536743,3.01250004768372,26.5874996185303,22.7999992370605,8,25.8727970123291,25.8727970123291,4492.91357421875,134.131729125977,119.488540649414,258.875,TRUE
152,"C1313W022",-74.31,40.18,293.7248571,1.03521112,5.68264346894403,924.065979003906,15.6477708816528,0.198033407330513,23.5749988555908,130.019241333008,5314.4375,3584.64990234375,6.40000009536743,3.01250004768372,26.5874996185303,22.7999992370605,8,25.8727970123291,25.8727970123291,4492.91357421875,134.131729125977,119.488540649414,258.875,TRUE
153,"C1313W023",-74.31,40.18,681.3245482,5.072356063,6.52403876854105,924.065979003906,15.6477708816528,0.198033407330513,23.5749988555908,130.019241333008,5314.4375,3584.64990234375,6.40000009536743,3.01250004768372,26.5874996185303,22.7999992370605,8,25.8727970123291,25.8727970123291,4492.91357421875,134.131729125977,119.488540649414,258.875,TRUE
154,"C1313W024",-74.31,40.18,341.5797072,0.212410652,5.83358105499763,924.065979003906,15.6477708816528,0.198033407330513,23.5749988555908,130.019241333008,5314.4375,3584.64990234375,6.40000009536743,3.01250004768372,26.5874996185303,22.7999992370605,8,25.8727970123291,25.8727970123291,4492.91357421875,134.131729125977,119.488540649414,258.875,TRUE
155,"C1313W025",-74.31,40.18,368.079598,1,5.90829921369274,924.065979003906,15.6477708816528,0.198033407330513,23.5749988555908,130.019241333008,5314.4375,3584.64990234375,6.40000009536743,3.01250004768372,26.5874996185303,22.7999992370605,8,25.8727970123291,25.8727970123291,4492.91357421875,134.131729125977,119.488540649414,258.875,TRUE
156,"C1313W032",-74.65,39.8,721.6082296,2.606954191,6.5814823733397,926.311950683594,17.7469043731689,0.176611617207527,23.4499988555908,128.227920532227,5478.1376953125,3719.23754882812,6.80000019073486,3.5,26.9500007629395,23.2999992370605,8,26.5527381896973,63.7037239074707,4424.525390625,133.185775756836,133.185775756836,271.239593505859,TRUE
157,"C1313W033",-74.65,39.8,937.7749064,6.104444118,6.84350994835336,926.311950683594,17.7469043731689,0.176611617207527,23.4499988555908,128.227920532227,5478.1376953125,3719.23754882812,6.80000019073486,3.5,26.9500007629395,23.2999992370605,8,26.5527381896973,63.7037239074707,4424.525390625,133.185775756836,133.185775756836,271.239593505859,TRUE
158,"C1313W034",-74.65,39.8,874.2748765,2.643221511,6.77339483021409,926.311950683594,17.7469043731689,0.176611617207527,23.4499988555908,128.227920532227,5478.1376953125,3719.23754882812,6.80000019073486,3.5,26.9500007629395,23.2999992370605,8,26.5527381896973,63.7037239074707,4424.525390625,133.185775756836,133.185775756836,271.239593505859,TRUE
159,"C1313W035",-74.65,39.8,792.5507863,5.297363274,6.67525658735747,926.311950683594,17.7469043731689,0.176611617207527,23.4499988555908,128.227920532227,5478.1376953125,3719.23754882812,6.80000019073486,3.5,26.9500007629395,23.2999992370605,8,26.5527381896973,63.7037239074707,4424.525390625,133.185775756836,133.185775756836,271.239593505859,TRUE
160,"C1314F031",-74.99,40.67,152.0156532,29.41176976,5.02398349712298,1007.04626464844,20.9053688049316,0.158339962363243,24.8374996185303,124.143775939941,4998.47509765625,3384.80004882812,5.22499990463257,1.375,26.2124996185303,21.375,7,25.2884426116943,37.207649230957,5197.89599609375,149.930786132812,147.452667236328,236.385406494141,TRUE
161,"C1314F032",-74.99,40.67,22.96303801,30.02042969,3.13388588020689,1007.04626464844,20.9053688049316,0.158339962363243,24.8374996185303,124.143775939941,4998.47509765625,3384.80004882812,5.22499990463257,1.375,26.2124996185303,21.375,7,25.2884426116943,37.207649230957,5197.89599609375,149.930786132812,147.452667236328,236.385406494141,TRUE
162,"C1314F033",-74.99,40.67,125.4518858,29.45665524,4.83192230498323,1007.04626464844,20.9053688049316,0.158339962363243,24.8374996185303,124.143775939941,4998.47509765625,3384.80004882812,5.22499990463257,1.375,26.2124996185303,21.375,7,25.2884426116943,37.207649230957,5197.89599609375,149.930786132812,147.452667236328,236.385406494141,TRUE
163,"C1314F035",-74.99,40.67,157.3222046,28.16675374,5.05829596094114,1007.04626464844,20.9053688049316,0.158339962363243,24.8374996185303,124.143775939941,4998.47509765625,3384.80004882812,5.22499990463257,1.375,26.2124996185303,21.375,7,25.2884426116943,37.207649230957,5197.89599609375,149.930786132812,147.452667236328,236.385406494141,TRUE
164,"C1314F251",-74.01,40.4,150.1668618,0.642132302,5.0117470878245,883.051391601562,16.7003440856934,0.289723426103592,23.2249984741211,144.184967041016,5223.8251953125,3500.17504882812,6.17500019073486,2.95000004768372,26.1749992370605,22.6749992370605,8,24.9588813781738,54.5558967590332,4269.32275390625,128.151794433594,114.389579772949,249.89582824707,TRUE
165,"C1314F252",-74.01,40.4,479.5656408,22.32791736,6.17288077921919,883.051391601562,16.7003440856934,0.289723426103592,23.2249984741211,144.184967041016,5223.8251953125,3500.17504882812,6.17500019073486,2.95000004768372,26.1749992370605,22.6749992370605,8,24.9588813781738,54.5558967590332,4269.32275390625,128.151794433594,114.389579772949,249.89582824707,TRUE
166,"C1314F253",-74.01,40.4,251.934679,0.901926698,5.52916984359316,883.051391601562,16.7003440856934,0.289723426103592,23.2249984741211,144.184967041016,5223.8251953125,3500.17504882812,6.17500019073486,2.95000004768372,26.1749992370605,22.6749992370605,8,24.9588813781738,54.5558967590332,4269.32275390625,128.151794433594,114.389579772949,249.89582824707,TRUE
167,"C1314F254",-74.01,40.4,276.5996272,2.828863114,5.6225710714351,883.051391601562,16.7003440856934,0.289723426103592,23.2249984741211,144.184967041016,5223.8251953125,3500.17504882812,6.17500019073486,2.95000004768372,26.1749992370605,22.6749992370605,8,24.9588813781738,54.5558967590332,4269.32275390625,128.151794433594,114.389579772949,249.89582824707,TRUE
168,"C1314F255",-74.01,40.4,389.8645834,2.118398992,5.96579945677688,883.051391601562,16.7003440856934,0.289723426103592,23.2249984741211,144.184967041016,5223.8251953125,3500.17504882812,6.17500019073486,2.95000004768372,26.1749992370605,22.6749992370605,8,24.9588813781738,54.5558967590332,4269.32275390625,128.151794433594,114.389579772949,249.89582824707,TRUE
169,"C1314F641",-74.38,39.72,223.8208238,0.630534903,5.41084583801933,851.353698730469,12.9761190414429,0.276982009410858,22.6875,141.944885253906,5393.03759765625,3627.58740234375,6.69999980926514,3.69999980926514,26.3875007629395,23.2999992370605,8,25.6129417419434,59.297119140625,3949.59057617188,121.177528381348,121.177528381348,261.479156494141,TRUE
170,"C1314F642",-74.38,39.72,177.0382449,0.001662381,5.1763657821148,851.353698730469,12.9761190414429,0.276982009410858,22.6875,141.944885253906,5393.03759765625,3627.58740234375,6.69999980926514,3.69999980926514,26.3875007629395,23.2999992370605,8,25.6129417419434,59.297119140625,3949.59057617188,121.177528381348,121.177528381348,261.479156494141,TRUE
171,"C1314F643",-74.38,39.72,52.40782204,0.000642752,3.95905585575903,851.353698730469,12.9761190414429,0.276982009410858,22.6875,141.944885253906,5393.03759765625,3627.58740234375,6.69999980926514,3.69999980926514,26.3875007629395,23.2999992370605,8,25.6129417419434,59.297119140625,3949.59057617188,121.177528381348,121.177528381348,261.479156494141,TRUE
172,"C1314F644",-74.38,39.72,206.8200643,0.537603999,5.33184916065515,851.353698730469,12.9761190414429,0.276982009410858,22.6875,141.944885253906,5393.03759765625,3627.58740234375,6.69999980926514,3.69999980926514,26.3875007629395,23.2999992370605,8,25.6129417419434,59.297119140625,3949.59057617188,121.177528381348,121.177528381348,261.479156494141,TRUE
173,"C1314F645",-74.38,39.72,548.6100734,0.031788088,6.30738794034732,851.353698730469,12.9761190414429,0.276982009410858,22.6875,141.944885253906,5393.03759765625,3627.58740234375,6.69999980926514,3.69999980926514,26.3875007629395,23.2999992370605,8,25.6129417419434,59.297119140625,3949.59057617188,121.177528381348,121.177528381348,261.479156494141,TRUE
174,"C1314F781",-74.88,39.35,370.6796632,4.078882552,5.91533824811767,851.160583496094,13.6609992980957,0.246093392372131,22.6875,136.794677734375,5523.6376953125,3737.22509765625,7,4.03749990463257,26.7249984741211,23.7749996185303,8,26.070068359375,59.7227935791016,3878.6533203125,119.930084228516,119.930084228516,271.8125,TRUE
175,"C1314F782",-74.88,39.35,97.71146694,0.990643863,4.58201892104589,851.160583496094,13.6609992980957,0.246093392372131,22.6875,136.794677734375,5523.6376953125,3737.22509765625,7,4.03749990463257,26.7249984741211,23.7749996185303,8,26.070068359375,59.7227935791016,3878.6533203125,119.930084228516,119.930084228516,271.8125,TRUE
176,"C1314F783",-74.88,39.35,152.8111941,4.073491599,5.0292031338658,851.160583496094,13.6609992980957,0.246093392372131,22.6875,136.794677734375,5523.6376953125,3737.22509765625,7,4.03749990463257,26.7249984741211,23.7749996185303,8,26.070068359375,59.7227935791016,3878.6533203125,119.930084228516,119.930084228516,271.8125,TRUE
177,"C1314F784",-74.88,39.35,99.71058587,3.146454696,4.60227184856308,851.160583496094,13.6609992980957,0.246093392372131,22.6875,136.794677734375,5523.6376953125,3737.22509765625,7,4.03749990463257,26.7249984741211,23.7749996185303,8,26.070068359375,59.7227935791016,3878.6533203125,119.930084228516,119.930084228516,271.8125,TRUE
178,"C1314F785",-74.88,39.35,176.7702605,1.368093595,5.17485092621305,851.160583496094,13.6609992980957,0.246093392372131,22.6875,136.794677734375,5523.6376953125,3737.22509765625,7,4.03749990463257,26.7249984741211,23.7749996185303,8,26.070068359375,59.7227935791016,3878.6533203125,119.930084228516,119.930084228516,271.8125,TRUE
179,"C1314F871",-75.09,39.32,45.83284801,5.523062703,3.82500103950973,889.065551757812,13.9906816482544,0.199400693178177,22.9625015258789,131.25895690918,5569.4375,3783.83740234375,7.09999990463257,4,26.9625015258789,23.7250003814697,8,26.7627182006836,61.9529685974121,4097.22607421875,125.650871276855,125.650871276855,276.4375,TRUE
180,"C1314F872",-75.09,39.32,72.15023863,1.180853214,4.27875059262952,889.065551757812,13.9906816482544,0.199400693178177,22.9625015258789,131.25895690918,5569.4375,3783.83740234375,7.09999990463257,4,26.9625015258789,23.7250003814697,8,26.7627182006836,61.9529685974121,4097.22607421875,125.650871276855,125.650871276855,276.4375,TRUE
181,"C1314F873",-75.09,39.32,76.5250701,6.067021797,4.33761840087157,889.065551757812,13.9906816482544,0.199400693178177,22.9625015258789,131.25895690918,5569.4375,3783.83740234375,7.09999990463257,4,26.9625015258789,23.7250003814697,8,26.7627182006836,61.9529685974121,4097.22607421875,125.650871276855,125.650871276855,276.4375,TRUE
182,"C1314F874",-75.09,39.32,84.33366515,4.433792241,4.43478113463665,889.065551757812,13.9906816482544,0.199400693178177,22.9625015258789,131.25895690918,5569.4375,3783.83740234375,7.09999990463257,4,26.9625015258789,23.7250003814697,8,26.7627182006836,61.9529685974121,4097.22607421875,125.650871276855,125.650871276855,276.4375,TRUE
183,"C1314F875",-75.09,39.32,63.50941899,4.9748243,4.15118822544994,889.065551757812,13.9906816482544,0.199400693178177,22.9625015258789,131.25895690918,5569.4375,3783.83740234375,7.09999990463257,4,26.9625015258789,23.7250003814697,8,26.7627182006836,61.9529685974121,4097.22607421875,125.650871276855,125.650871276855,276.4375,TRUE
184,"C1315F041",-74.71,40.49,221.4338524,36.74108589,5.40012391012197,995.094482421875,14.6204833984375,0.335274219512939,24.5,158.355575561523,5114.9375,3456.92504882812,5.65000009536743,1.90000009536743,26.3999996185303,21.7999992370605,7,25.8098258972168,60.8894805908203,5050.70166015625,147.011001586914,144.535949707031,245.02082824707,TRUE
185,"C1315F042",-74.71,40.49,261.0366356,34.12926835,5.56466076375579,995.094482421875,14.6204833984375,0.335274219512939,24.5,158.355575561523,5114.9375,3456.92504882812,5.65000009536743,1.90000009536743,26.3999996185303,21.7999992370605,7,25.8098258972168,60.8894805908203,5050.70166015625,147.011001586914,144.535949707031,245.02082824707,TRUE
186,"C1315F043",-74.71,40.49,196.2864314,37.74133524,5.27957497714098,995.094482421875,14.6204833984375,0.335274219512939,24.5,158.355575561523,5114.9375,3456.92504882812,5.65000009536743,1.90000009536743,26.3999996185303,21.7999992370605,7,25.8098258972168,60.8894805908203,5050.70166015625,147.011001586914,144.535949707031,245.02082824707,TRUE
187,"C1315F044",-74.71,40.49,186.549926,37.29085027,5.22869890299059,995.094482421875,14.6204833984375,0.335274219512939,24.5,158.355575561523,5114.9375,3456.92504882812,5.65000009536743,1.90000009536743,26.3999996185303,21.7999992370605,7,25.8098258972168,60.8894805908203,5050.70166015625,147.011001586914,144.535949707031,245.02082824707,TRUE
188,"C1315F045",-74.71,40.49,145.3945857,33.60758226,4.97945132712962,995.094482421875,14.6204833984375,0.335274219512939,24.5,158.355575561523,5114.9375,3456.92504882812,5.65000009536743,1.90000009536743,26.3999996185303,21.7999992370605,7,25.8098258972168,60.8894805908203,5050.70166015625,147.011001586914,144.535949707031,245.02082824707,TRUE
